restaurant_id,restaurant_name,owner_contact,appscript_url,sheet_id,theme_key,active,expiry_date,plan_amount,onboarded_at,last_checked_at,notes
demo,The Green Fork,+91 98765 43210,,,"demo",TRUE,2099-12-31,100,2026-08-24,,Built-in sample restaurant

# Create a Google Sheet with ONE tab named exactly "Restaurants" and the header row above.
# Notes:
# - active / is_veg style booleans are literal TRUE/FALSE strings.
# - expiry_date format: YYYY-MM-DD. This column is the BILLING SOURCE OF TRUTH.
# - last_checked_at is written by the Cloudflare Worker — leave it blank.
# - theme_key must match a folder under themes/ in the frontend repo.
# - Optionally add a hidden second tab named "AdminAuth" for your own notes;
#   the admin Apps Script never exposes it.
